,Municipios,Eleccion1,Votos depositados,Votos Validos,PLC,AFSLN,YATAMA,ALN,APRE,APLI,Municipio,Winner
0,BOACO,ALCALDE Y VICEALCALDE,19911,19020,1704,14810,0,872,832,802,Boaco,AFSLN
1,CAMOAPA,ALCALDE Y VICEALCALDE,13542,13016,3295,8098,0,583,524,516,Camoapa,AFSLN
2,SAN JOSE DE LOS REMATES,ALCALDE Y VICEALCALDE,4300,4080,1613,2030,0,149,132,156,San José de Los Remates,AFSLN
3,SAN LORENZO,ALCALDE Y VICEALCALDE,9005,8856,745,7223,0,272,312,304,San Lorenzo,AFSLN
4,SANTA LUCIA,ALCALDE Y VICEALCALDE,2597,2537,382,2021,0,20,97,17,Santa Lucía,AFSLN
5,TEUSTEPE,ALCALDE Y VICEALCALDE,9654,9451,948,7396,0,379,371,357,Teustepe,AFSLN
6,BOACO,CONCEJALES MUNICIPALES,19911,19020,1234,16127,0,672,581,406,Boaco,AFSLN
7,CAMOAPA,CONCEJALES MUNICIPALES,13542,13016,2452,9482,0,446,364,272,Camoapa,AFSLN
8,SAN JOSE DE LOS REMATES,CONCEJALES MUNICIPALES,4281,4055,1216,2553,0,109,93,84,San José de Los Remates,AFSLN
9,SAN LORENZO,CONCEJALES MUNICIPALES,9005,8854,541,7722,0,208,219,164,San Lorenzo,AFSLN
10,SANTA LUCIA,CONCEJALES MUNICIPALES,2599,2539,286,2160,0,17,68,8,Santa Lucía,AFSLN
11,TEUSTEPE,CONCEJALES MUNICIPALES,9657,9452,688,8029,0,289,262,184,Teustepe,AFSLN
12,DIRIAMBA,ALCALDE Y VICEALCALDE,27156,26056,2349,20432,0,1150,1103,1022,Diriamba,AFSLN
13,DOLORES,ALCALDE Y VICEALCALDE,3438,3268,417,2530,0,167,0,154,Dolores,AFSLN
14,EL ROSARIO,ALCALDE Y VICEALCALDE,3919,3851,211,3319,0,170,0,151,El Rosario,AFSLN
15,JINOTEPE,ALCALDE Y VICEALCALDE,19212,18440,1556,14450,0,894,779,761,Jinotepe,AFSLN
16,LA CONQUISTA,ALCALDE Y VICEALCALDE,2400,2334,116,1447,0,613,79,79,La Conquista,AFSLN
17,LA PAZ DE CARAZO,ALCALDE Y VICEALCALDE,3252,3114,167,2703,0,129,0,115,La Paz de Carazo,AFSLN
18,SAN MARCOS,ALCALDE Y VICEALCALDE,15946,15143,1045,12053,0,726,678,641,San Marcos,AFSLN
19,SANTA TERESA,ALCALDE Y VICEALCALDE,5924,5593,724,4563,0,306,0,0,Santa Teresa,AFSLN
20,DIRIAMBA,CONCEJALES MUNICIPALES,27138,26058,1716,22163,0,881,782,516,Diriamba,AFSLN
21,DOLORES,CONCEJALES MUNICIPALES,3438,3268,298,2766,0,127,0,77,Dolores,AFSLN
22,EL ROSARIO,CONCEJALES MUNICIPALES,3919,3851,149,3495,0,129,0,78,El Rosario,AFSLN
23,JINOTEPE,CONCEJALES MUNICIPALES,19212,18436,1119,15695,0,685,550,387,Jinotepe,AFSLN
24,LA CONQUISTA,CONCEJALES MUNICIPALES,2400,2334,87,1662,0,494,53,38,La Conquista,AFSLN
25,LA PAZ DE CARAZO,CONCEJALES MUNICIPALES,3252,3114,122,2831,0,101,0,60,La Paz de Carazo,AFSLN
26,SAN MARCOS,CONCEJALES MUNICIPALES,15946,15143,752,13047,0,551,474,319,San Marcos,AFSLN
27,SANTA TERESA,CONCEJALES MUNICIPALES,5924,5593,586,4756,0,251,0,0,Santa Teresa,AFSLN
28,CIIIC1I1GALPA,ALCALDE Y VICEALCALDE,17596,16970,2287,11669,0,854,1369,791,Chichigalpa,AFSLN
29,CHINANDEGA,ALCALDE Y VICEALCALDE,54163,52730,6007,39410,0,2502,2470,2341,Chinandega,AFSLN
30,CINCO PINOS,ALCALDE Y VICEALCALDE,3218,3168,265,2767,0,136,0,0,Cinco Pinos,AFSLN
31,CORINTO,ALCALDE Y VICEALCALDE,6761,6534,912,4473,0,340,426,383,Corinto,AFSLN
32,EL REALEJO,ALCALDE Y VICEALCALDE,4865,4717,334,3967,0,218,0,198,El Realejo,AFSLN
33,EL VIEJO,ALCALDE Y VICEALCALDE,23279,22408,3230,15577,0,1371,1217,1013,El Viejo,AFSLN
34,POSOLTEGA,ALCALDE Y VICEALCALDE,6955,6781,578,5657,0,267,0,279,Posoltega,AFSLN
35,PUERTO MORAZAN,ALCALDE Y VICEALCALDE,4454,4293,757,3135,0,206,0,195,Puerto Morazán,AFSLN
36,"SAN FRANCISCO DEL 
NORTE",ALCALDE Y VICEALCALDE,2639,2592,99,2363,0,66,0,64,San Francisco del Norte,AFSLN
37,SAN PEDRO DEL NORTE,ALCALDE Y VICEALCALDE,2496,2454,153,2139,0,78,0,84,San Pedro del Norte,AFSLN
38,SANTO TOMAS DEL NORTE,ALCALDE Y VICEALCALDE,3105,3081,363,2555,0,163,0,0,Santo Tomás del Norte,AFSLN
39,SOMOTILLO,ALCALDE Y VICEALCALDE,11436,11208,1149,9551,0,508,0,0,Somotillo,AFSLN
40,VILLANUEVA,ALCALDE Y VICEALCALDE,10016,9775,755,8710,0,310,0,0,Villanueva,AFSLN
41,CHICIIIGALPA,CONCEJALES MUNICIPALES,17596,16970,1639,13327,0,653,960,391,Chichigalpa,AFSLN
42,CHINANDEGA,CONCEJALES MUNICIPALES,54163,52730,4285,43657,0,1889,1742,1157,Chinandega,AFSLN
43,CINCO PINOS,CONCEJALES MUNICIPALES,3218,3168,195,2869,0,104,0,0,Cinco Pinos,AFSLN
44,CORINTO,CONCEJALES MUNICIPALES,6761,6534,656,5135,0,257,299,187,Corinto,AFSLN
45,EL REALEJO,CONCEJALES MUNICIPALES,4865,4717,239,4211,0,165,0,102,El Realejo,AFSLN
46,EL VIEJO,CONCEJALES MUNICIPALES,23270,22399,2325,17624,0,1078,872,500,El Viejo,AFSLN
47,POSOLTEGA,CONCEJALES MUNICIPALES,6955,6781,420,6013,0,205,0,143,Posoltega,AFSLN
48,PUERTO MORAZAN,CONCEJALES MUNICIPALES,4454,4293,556,3479,0,162,0,96,Puerto Morazán,AFSLN
49,"SAN FRANCISCO DEL 
NORTE",CONCEJALES MUNICIPALES,2639,2592,74,2434,0,50,0,34,San Francisco del Norte,AFSLN
50,SAN PEDRO DEL NORTE,CONCEJALES MUNICIPALES,2496,2454,108,2239,0,61,0,46,San Pedro del Norte,AFSLN
51,SANTO TOMAS DEL ÑOR TE,CONCEJALES MUNICIPALES,3105,3081,258,2699,0,124,0,0,Santo Tomás del Norte,AFSLN
52,SOMOTILLO,CONCEJALES MUNICIPALES,11398,11170,819,9959,0,392,0,0,Somotillo,AFSLN
53,VILLANUEVA,CONCEJALES MUNICIPALES,10054,9802,573,8987,0,242,0,0,Villanueva,AFSLN
54,ACOYA PA,ALCALDE Y VICEALCALDE,6889,6799,613,5558,0,209,214,205,Acoyapa,AFSLN
55,COMALAPA,ALCALDE Y VICEALCALDE,4115,3999,788,2783,0,153,141,134,Comalapa,AFSLN
56,EL AYOTE,ALCALDE Y VICEALCALDE,6667,6496,2445,4051,0,0,0,0,El Ayote,AFSLN
57,EL CORAL,ALCALDE Y VICEALCALDE,4426,4283,970,2719,0,209,201,184,El Coral,AFSLN
58,EL RAMA,ALCALDE Y VICEALCALDE,15170,14578,2407,10851,0,0,669,651,El Rama,AFSLN
59,JUIGALPA,ALCALDE Y VICEALCALDE,21245,20448,2233,15286,0,1002,957,970,Juigalpa,AFSLN
60,LA LIBERTAD,ALCALDE Y VICEALCALDE,5508,5392,358,4481,0,178,192,183,La Libertad,AFSLN
61,MUELLE DE LOS BUEYES,ALCALDE Y VICEALCALDE,9260,8811,2723,5423,0,251,212,202,Muelle de Los Bueyes,AFSLN
62,NUEVA GUINEA,ALCALDE Y VICEALCALDE,22973,22274,4549,14218,0,1154,1170,1183,Nueva Guinea,AFSLN
63,SAN FRANCISCO DE CUAPA,ALCALDE Y VICEALCALDE,2715,2596,333,1991,0,0,144,128,San Francisco de Cuapa,AFSLN
64,SAN PEDRO DE LOVAGO,ALCALDE Y VICEALCALDE,4376,4299,211,3596,0,161,162,169,San Pedro de Lóvago,AFSLN
65,SANTO DOMINGO,ALCALDE Y VICEALCALDE,6618,6373,2610,3030,0,240,238,255,Santo Domingo,AFSLN
66,SANTO TOMAS,ALCALDE Y VICEALCALDE,7296,7100,783,5304,0,343,348,322,Santo Tomás,AFSLN
67,VILLA SANDINO,ALCALDE Y VICEALCALDE,4712,4528,940,2882,0,243,228,235,Villa Sandino,AFSLN
68,ACOYAPA,CONCEJALES MUNICIPALES,6889,6800,478,5906,0,162,153,101,Acoyapa,AFSLN
69,COMALAPA,CONCEJALES MUNICIPALES,4115,3999,631,3086,0,119,100,63,Comalapa,AFSLN
70,EL AYOTE,CONCEJALES MUNICIPALES,6667,6496,1914,4582,0,0,0,0,El Ayote,AFSLN
71,EL CORAL,CONCEJALES MUNICIPALES,4426,4283,724,3168,0,160,140,91,El Coral,AFSLN
72,EL RAMA,CONCEJALES MUNICIPALES,15170,14572,1795,11964,0,0,479,334,El Rama,AFSLN
73,JUIGALPA,CONCEJALES MUNICIPALES,21245,20448,1586,16955,0,761,667,479,Juigalpa,AFSLN
74,LA LIBERTAD,CONCEJALES MUNICIPALES,5508,5392,267,4767,0,134,132,92,La Libertad,AFSLN
75,MUELLE DE LOS BUEYES,CONCEJALES MUNICIPALES,9244,8768,2307,6008,0,198,152,103,Muelle de Los Bueyes,AFSLN
76,NUEVA GUINEA,CONCEJALES MUNICIPALES,22973,22274,3356,16623,0,872,824,599,Nueva Guinea,AFSLN
77,SAN FRANCISCO DE CUAPA,CONCEJALES MUNICIPALES,2715,2596,234,2199,0,0,99,64,San Francisco de Cuapa,AFSLN
78,SAN PEDRO DE LOVAGO,CONCEJALES MUNICIPALES,4376,4299,157,3815,0,121,116,90,San Pedro de Lóvago,AFSLN
79,SANTO DOMINGO,CONCEJALES MUNICIPALES,6618,6366,1924,3966,0,178,168,130,Santo Domingo,AFSLN
80,SANTO TOMAS,CONCEJALES MUNICIPALES,7296,7100,552,5881,0,262,243,162,Santo Tomás,AFSLN
81,VILLA SANDINO,CONCEJALES MUNICIPALES,4712,4528,688,3383,0,182,159,116,Villa Sandino,AFSLN
82,CONDEGA,ALCALDE Y VICEALCALDE,9947,9604,1086,7159,0,442,465,452,Condega,AFSLN
83,ESTELI,ALCALDE Y VICEALCALDE,44167,42906,4975,32088,0,1948,1951,1944,Estelí,AFSLN
84,LA TRINIDAD,ALCALDE Y VICEALCALDE,8515,8381,857,6438,0,360,361,365,La Trinidad,AFSLN
85,PUEBLO NUEVO,ALCALDE Y VICEALCALDE,6654,6406,507,5266,0,205,218,210,Pueblo Nuevo,AFSLN
86,SAN JUAN DE LIMAY,ALCALDE Y VICEALCALDE,4700,4631,349,3741,0,172,182,187,San Juan de Limay,AFSLN
87,SAN NICOLAS,ALCALDE Y VICEALCALDE,3626,3599,431,2844,0,133,90,101,San Nicolás,AFSLN
88,CONDEGA,CONCEJALES MUNICIPALES,9947,9604,782,7936,0,336,327,223,Condega,AFSLN
89,ESTELI,CONCEJALES MUNICIPALES,44167,42901,3584,35480,0,1492,1381,964,Estelí,AFSLN
90,LA TRINIDAD,CONCEJALES MUNICIPALES,8515,8381,607,7066,0,271,252,185,La Trinidad,AFSLN
91,PUEBLO NUEVO,CONCEJALES MUNICIPALES,6654,6406,373,5614,0,156,156,107,Pueblo Nuevo,AFSLN
92,SAN JUAN DE LIMAY,CONCEJALES MUNICIPALES,4700,4631,248,4031,0,133,128,91,San Juan de Limay,AFSLN
93,SAN NICOLAS,CONCEJALES MUNICIPALES,3626,3599,355,3025,0,103,62,54,San Nicolás,AFSLN
94,DIRIA,ALCALDE Y VICEALCALDE,3434,3250,250,2681,0,151,151,17,Diriá,AFSLN
95,DIRIOMO,ALCALDE Y VICEALCALDE,9761,9283,940,7062,0,455,400,426,Diriomo,AFSLN
96,GRANADA,ALCALDE Y VICEALCALDE,39327,37919,4869,27424,0,1931,1890,1805,Granada,AFSLN
97,NANDAIME,ALCALDE Y VICEALCALDE,13341,12726,1330,10291,0,581,0,524,Nandaime,AFSLN
98,DIRIA,CONCEJALES MUNICIPALES,3434,3250,177,2831,0,117,108,17,Diriá,AFSLN
99,DIRIOMO,CONCEJALES MUNICIPALES,9761,9283,683,7756,0,351,280,213,Diriomo,AFSLN
100,GRANADA,CONCEJALES MUNICIPALES,39327,37910,3461,30717,0,1481,1339,912,Granada,AFSLN
101,NANDAIME,CONCEJALES MUNICIPALES,13341,12726,971,11045,0,447,0,263,Nandaime,AFSLN
102,ELCUA,ALCALDE Y VICEALCALDE,15901,15172,2494,11317,0,694,667,0,El Cuá,AFSLN
103,JINOTEGA,ALCALDE Y VICEALCALDE,39684,37451,3752,28411,0,1941,1649,1698,Jinotega,AFSLN
104,LA CONCORDIA,ALCALDE Y VICEALCALDE,3246,3155,276,2612,0,137,130,0,La Concordia,AFSLN
105,SAN JOSE DE BOCAY,ALCALDE Y VICEALCALDE,17200,16825,2628,12702,0,879,616,0,San José de Bocay,AFSLN
106,SAN RAFAEL DEL NORTE,ALCALDE Y VICEALCALDE,7254,6784,709,5027,0,771,277,0,San Rafael del Norte,AFSLN
107,SAN SEBASTIAN DE YALI,ALCALDE Y VICEALCALDE,9539,9315,900,7105,0,569,371,370,San Sebastián de Yalí,AFSLN
108,"SANTA MARIA DE 
PANTASMA",ALCALDE Y VICEALCALDE,14607,13897,2787,9542,0,949,619,0,Santa María de Pantasma,AFSLN
109,WIWILI-JINOTEGA,ALCALDE Y VICEALCALDE,19347,19049,1403,16258,0,474,453,461,Wiwilí de Jinotega,AFSLN
110,ELCUA,CONCEJALES MUNICIPALES,15885,15147,1824,12321,0,533,469,0,El Cuá,AFSLN
111,JINOTEGA,CONCEJALES MUNICIPALES,40010,37739,2774,31382,0,1499,1175,909,Jinotega,AFSLN
112,LA CONCORDIA,CONCEJALES MUNICIPALES,3246,3155,202,2755,0,105,93,0,La Concordia,AFSLN
113,SAN JOSE DE BOCA Y,CONCEJALES MUNICIPALES,17246,16875,2026,13666,0,738,445,0,San José de Bocay,AFSLN
114,SAN RAFAEL DEL NORTE,CONCEJALES MUNICIPALES,7153,6667,541,5260,0,671,195,0,San Rafael del Norte,AFSLN
115,SAN SEBASTIAN DE YALI,CONCEJALES MUNICIPALES,9547,9324,674,7722,0,466,265,197,San Sebastián de Yalí,AFSLN
116,"SANTA MARIA DE 
PANTASMA",CONCEJALES MUNICIPALES,14607,13893,2067,10651,0,740,435,0,Santa María de Pantasma,AFSLN
117,W1WILI-JINOTEGA,CONCEJALES MUNICIPALES,19333,19040,1045,17070,0,363,324,238,Wiwilí de Jinotega,AFSLN
118,ACHUAPA,ALCALDE Y VICEALCALDE,4050,3953,576,2980,0,124,132,141,Achuapa,AFSLN
119,EL JICARAL,ALCALDE Y VICEALCALDE,3866,3766,327,3024,0,145,140,130,El Jicaral,AFSLN
120,EL SAUCE,ALCALDE Y VICEALCALDE,8629,8421,1454,6222,0,251,237,257,El Sauce,AFSLN
121,LA PAZ CENTRO,ALCALDE Y VICEALCALDE,9575,9211,1168,7556,0,0,487,0,La Paz Centro,AFSLN
122,LARREYNAGA,ALCALDE Y VICEALCALDE,11565,11180,1073,9288,0,425,0,394,Larreynaga,AFSLN
123,LEON,ALCALDE Y VICEALCALDE,71227,68806,8502,53260,0,3588,0,3456,León,AFSLN
124,NAGAROTE,ALCALDE Y VICEALCALDE,16304,15446,1073,12893,0,0,915,565,Nagarote,AFSLN
125,QUEZALGUAQUE,ALCALDE Y VICEALCALDE,4689,4520,382,3649,0,168,171,150,Quezalguaque,AFSLN
126,SANTA ROSA DEL PEÑON,ALCALDE Y VICEALCALDE,3465,3394,186,3049,0,0,80,79,Santa Rosa del Peñón,AFSLN
127,TEL1CA,ALCALDE Y VICEALCALDE,10034,9747,604,8455,0,347,341,0,Telica,AFSLN
128,ACHUAPA,CONCEJALES MUNICIPALES,4050,3952,477,3213,0,95,94,73,Achuapa,AFSLN
129,EL JICARAL,CONCEJALES MUNICIPALES,3866,3766,233,3256,0,114,101,62,El Jicaral,AFSLN
130,EL SAUCE,CONCEJALES MUNICIPALES,8629,8418,1175,6753,0,190,166,134,El Sauce,AFSLN
131,LA PAZ CENTRO,CONCEJALES MUNICIPALES,9540,9176,836,8000,0,0,340,0,La Paz Centro,AFSLN
132,LARREYNAGA,CONCEJALES MUNICIPALES,11565,11174,778,9871,0,329,0,196,Larreynaga,AFSLN
133,LEON,CONCEJALES MUNICIPALES,71229,68808,6140,58201,0,2731,0,1736,León,AFSLN
134,NAGAROTE,CONCEJALES MUNICIPALES,16304,15446,792,13709,0,0,658,287,Nagarote,AFSLN
135,QUEZALGUAQUE,CONCEJALES MUNICIPALES,4689,4520,290,3902,0,130,122,76,Quezalguaque,AFSLN
136,SANTA ROSA DEL PEÑON,CONCEJALES MUNICIPALES,3465,3394,156,3143,0,0,57,38,Santa Rosa del Peñón,AFSLN
137,TELICA,CONCEJALES MUNICIPALES,10034,9747,459,8777,0,267,244,0,Telica,AFSLN
138,LAS SABANAS,ALCALDE Y VICEALCALDE,2625,2547,111,2162,0,98,84,92,Las Sabanas,AFSLN
139,PALACAGUINA,ALCALDE Y VICEALCALDE,6087,5871,424,4462,0,402,287,296,Palacagüina,AFSLN
140,SAN JOSE DE CUSMAPA,ALCALDE Y VICEALCALDE,3022,2947,221,2296,0,144,140,146,San José de Cusmapa,AFSLN
141,SAN JUAN DEL RIO COCO,ALCALDE Y VICEALCALDE,8336,8086,1404,5369,0,423,448,442,San Juan del Río Coco,AFSLN
142,SAN LUCAS,ALCALDE Y VICEALCALDE,6110,5834,0,4922,0,487,215,210,San Lucas,AFSLN
143,SOMOTO,ALCALDE Y VICEALCALDE,13838,13216,1003,10950,0,670,0,593,Somoto,AFSLN
144,TELPANECA,ALCALDE Y VICEALCALDE,7732,7577,481,6186,0,321,294,295,Telpaneca,AFSLN
145,TOTOGALPA,ALCALDE Y VICEALCALDE,5208,5090,540,3901,0,215,215,219,Totogalpa,AFSLN
146,YALAGUINA,ALCALDE Y VICEALCALDE,3975,3898,213,3194,0,191,146,154,Yalagüina,AFSLN
147,LAS SABANAS,CONCEJALES MUNICIPALES,2625,2547,80,2286,0,74,59,48,Las Sabanas,AFSLN
148,PALACAGUINA,CONCEJALES MUNICIPALES,6087,5871,305,4909,0,309,202,146,Palacagüina,AFSLN
149,SAN JOSE DE CUSMAPA,CONCEJALES MUNICIPALES,3022,2947,161,2503,0,111,97,75,San José de Cusmapa,AFSLN
150,SAN JUAN DEL RIO COCO,CONCEJALES MUNICIPALES,8336,8086,1012,6219,0,324,310,221,San Juan del Río Coco,AFSLN
151,SAN LUCAS,CONCEJALES MUNICIPALES,6110,5834,0,5188,0,384,153,109,San Lucas,AFSLN
152,SOMOTO,CONCEJALES MUNICIPALES,13838,13216,722,11693,0,509,0,292,Somoto,AFSLN
153,TELPANECA,CONCEJALES MUNICIPALES,7732,7577,349,6635,0,241,206,146,Telpaneca,AFSLN
154,TOTOGALPA,CONCEJALES MUNICIPALES,5208,5090,390,4279,0,162,148,111,Totogalpa,AFSLN
155,YALAGUINA,CONCEJALES MUNICIPALES,3975,3898,149,3426,0,144,102,77,Yalagüina,AFSLN
156,CIUDAD SANDINO,ALCALDE Y VICEALCALDE,34968,33539,4706,23322,0,1940,1822,1749,Ciudad Sandino,AFSLN
157,EL CRUCERO,ALCALDE Y VICEALCALDE,7538,7087,1013,5084,0,335,335,320,El Crucero,AFSLN
158,MANAGUA,ALCALDE Y VICEALCALDE,392487,376201,43678,274537,0,19654,19595,18737,Managua,AFSLN
159,MATEARE,ALCALDE Y VICEALCALDE,16899,16227,2074,11850,0,830,757,716,Mateare,AFSLN
160,SAN FRANCISCO LIBRE,ALCALDE Y VICEALCALDE,3908,3789,145,3386,0,122,67,69,San Francisco Libre,AFSLN
161,SAN RAFAEL DEL SUR,ALCALDE Y VICEALCALDE,19985,19185,3581,13070,0,869,851,814,San Rafael del Sur,AFSLN
162,TICUANTEPE,ALCALDE Y VICEALCALDE,14773,14090,1469,10457,0,747,719,698,Ticuantepe,AFSLN
163,TIPITAPA,ALCALDE Y VICEALCALDE,52411,50306,4497,38842,0,2318,2165,2484,Tipitapa,AFSLN
164,VILLA EL CARMEN,ALCALDE Y VICEALCALDE,14139,13543,1276,10621,0,532,604,510,Villa El Carmen,AFSLN
165,CIUDAD SANDINO,CONCEJALES MUNICIPALES,34968,33539,3324,26596,0,1478,1275,866,Ciudad Sandino,AFSLN
166,EL CRUCERO,CONCEJALES MUNICIPALES,7538,7087,771,5675,0,256,233,152,El Crucero,AFSLN
167,MANAGUA,CONCEJALES MUNICIPALES,392481,376162,21554,325077,0,12960,9017,7554,Managua,AFSLN
168,MATEARE,CONCEJALES MUNICIPALES,16899,16227,1483,13231,0,633,530,350,Mateare,AFSLN
169,SAN FRANCISCO LIBRE,CONCEJALES MUNICIPALES,3908,3789,113,3485,0,106,48,37,San Francisco Libre,AFSLN
170,SAN RAFAEL DEL SUR,CONCEJALES MUNICIPALES,19985,19185,2656,14843,0,663,607,416,San Rafael del Sur,AFSLN
171,TICUANTEPE,CONCEJALES MUNICIPALES,14773,14090,1057,11606,0,568,509,350,Ticuantepe,AFSLN
172,TIPITAPA,CONCEJALES MUNICIPALES,52411,50311,3239,42546,0,1761,1514,1251,Tipitapa,AFSLN
173,VILLA EL CARMEN,CONCEJALES MUNICIPALES,14139,13543,954,11490,0,409,428,262,Villa El Carmen,AFSLN
174,CATARINA,ALCALDE Y VICEALCALDE,3526,3391,397,2684,0,151,0,159,Catarina,AFSLN
175,LA CONCEPCION,ALCALDE Y VICEALCALDE,12559,11906,1584,8494,0,649,581,598,La Concepción,AFSLN
176,MASATEPE,ALCALDE Y VICEALCALDE,13099,12326,1622,9398,0,723,0,583,Masatepe,AFSLN
177,MASAYA,ALCALDE Y VICEALCALDE,52895,50588,6938,35409,0,2905,2687,2649,Masaya,AFSLN
178,NANDASMO,ALCALDE Y VICEALCALDE,4534,4324,375,3511,0,229,0,209,Nandasmo,AFSLN
179,NINDIRI,ALCALDE Y VICEALCALDE,18366,17525,2408,12321,0,1137,840,819,Nindirí,AFSLN
180,NIQUINOHOMO,ALCALDE Y VICEALCALDE,7220,6840,643,5241,0,357,284,315,Niquinohomo,AFSLN
181,SAN JUAN DE ORIENTE,ALCALDE Y VICEALCALDE,2433,2305,487,1608,0,114,96,0,San Juan de Oriente,AFSLN
182,TISMA,ALCALDE Y VICEALCALDE,6188,5969,526,4574,0,295,276,298,Tisma,AFSLN
183,CATARINA,CONCEJALES MUNICIPALES,3526,3391,283,2920,0,112,0,76,Catarina,AFSLN
184,LA CONCEPCION,CONCEJALES MUNICIPALES,12559,11906,1137,9557,0,497,409,306,La Concepción,AFSLN
185,MASATEPE,CONCEJALES MUNICIPALES,13099,12326,1162,10316,0,546,0,302,Masatepe,AFSLN
186,MASAYA,CONCEJALES MUNICIPALES,52895,50588,4952,40208,0,2212,1880,1336,Masaya,AFSLN
187,NANDASMO,CONCEJALES MUNICIPALES,4534,4324,273,3779,0,172,0,100,Nandasmo,AFSLN
188,NINDIRI,CONCEJALES MUNICIPALES,18366,17525,1724,13920,0,870,590,421,Nindirí,AFSLN
189,NIQUINOHOMO,CONCEJALES MUNICIPALES,7220,6840,457,5755,0,273,201,154,Niquinohomo,AFSLN
190,SAN JUAN DE ORIENTE,CONCEJALES MUNICIPALES,2433,2305,359,1791,0,87,68,0,San Juan de Oriente,AFSLN
191,TISMA,CONCEJALES MUNICIPALES,6188,5969,383,5025,0,222,192,147,Tisma,AFSLN
192,CIUDAD DARIO,ALCALDE Y VICEALCALDE,14100,13565,2155,9831,0,798,0,781,Ciudad Darío,AFSLN
193,EL TUMA LA DALIA,ALCALDE Y VICEALCALDE,19464,18736,1891,15209,0,823,0,813,El Tuma - La Dalia,AFSLN
194,ESQUIPULAS,ALCALDE Y VICEALCALDE,5264,5024,1024,3318,0,226,243,213,Esquipulas,AFSLN
195,MATAGALPA,ALCALDE Y VICEALCALDE,57285,54602,4645,42738,0,2501,2357,2361,Matagalpa,AFSLN
196,MATIGUAS,ALCALDE Y VICEALCALDE,11210,10629,1713,7636,0,437,414,429,Matiguás,AFSLN
197,MUY MUY,ALCALDE Y VICEALCALDE,5472,5330,542,4064,0,253,237,234,Muy Muy,AFSLN
198,RANCHO GRANDE,ALCALDE Y VICEALCALDE,9580,9201,1236,6635,0,426,439,465,Rancho Grande,AFSLN
199,RIO BLANCO,ALCALDE Y VICEALCALDE,11552,11040,2040,7625,0,475,461,439,Río Blanco,AFSLN
200,SAN DIONISIO,ALCALDE Y VICEALCALDE,6761,6447,636,5188,0,0,324,299,San Dionisio,AFSLN
201,SAN ISIDRO,ALCALDE Y VICEALCALDE,5802,5622,782,4023,0,257,284,276,San Isidro,AFSLN
202,SAN RAMON,ALCALDE Y VICEALCALDE,11013,10579,1282,8229,0,22,524,522,San Ramón,AFSLN
203,SEBACO,ALCALDE Y VICEALCALDE,12310,11693,1973,8389,0,714,0,617,Sébaco,AFSLN
204,TERRABONA,ALCALDE Y VICEALCALDE,4697,4644,577,3395,0,221,242,209,Terrabona,AFSLN
205,WASLALA,ALCALDE Y VICEALCALDE,16643,15927,5018,8809,0,703,682,715,Waslala,AFSLN
206,CIUDAD DARIO,CONCEJALES MUNICIPALES,14100,13565,1544,11023,0,605,0,393,Ciudad Darío,AFSLN
207,ELTUMA LA DALIA,CONCEJALES MUNICIPALES,19464,18736,1365,16344,0,628,0,399,El Tuma - La Dalia,AFSLN
208,ESQUIPULAS,CONCEJALES MUNICIPALES,5264,5024,770,3802,0,175,172,105,Esquipulas,AFSLN
209,MATAGALPA,CONCEJALES MUNICIPALES,57285,54604,3386,46467,0,1909,1657,1185,Matagalpa,AFSLN
210,MATIGUAS,CONCEJALES MUNICIPALES,11173,10585,1291,8435,0,341,295,223,Matiguás,AFSLN
211,MUY MUY,CONCEJALES MUNICIPALES,5472,5330,390,4463,0,196,168,113,Muy Muy,AFSLN
212,RANCHO GRANDE,CONCEJALES MUNICIPALES,9580,9201,903,7427,0,322,306,243,Rancho Grande,AFSLN
213,RIO BLANCO,CONCEJALES MUNICIPALES,11552,11040,1523,8611,0,360,318,228,Río Blanco,AFSLN
214,SAN DIONISIO,CONCEJALES MUNICIPALES,6761,6447,452,5614,0,0,229,152,San Dionisio,AFSLN
215,SAN ISIDRO,CONCEJALES MUNICIPALES,5802,5622,567,4519,0,196,203,137,San Isidro,AFSLN
216,SAN RAMON,CONCEJALES MUNICIPALES,11013,10579,942,8955,0,44,371,267,San Ramón,AFSLN
217,SEBACO,CONCEJALES MUNICIPALES,12310,11693,1402,9431,0,545,0,315,Sébaco,AFSLN
218,TERRABONA,CONCEJALES MUNICIPALES,4697,4644,418,3780,0,167,172,107,Terrabona,AFSLN
219,WASLALA,CONCEJALES MUNICIPALES,16618,15785,3903,10480,0,537,481,384,Waslala,AFSLN
220,CIUDAD ANTIGUA,ALCALDE Y VICEALCALDE,3400,3284,1351,1683,0,85,77,88,Ciudad Antigua,AFSLN
221,DIPILTO,ALCALDE Y VICEALCALDE,1873,1735,155,1411,0,88,0,81,Dipilto,AFSLN
222,EL JICARO,ALCALDE Y VICEALCALDE,8725,8574,1096,6232,0,413,405,428,Jícaro,AFSLN
223,JALAPA,ALCALDE Y VICEALCALDE,17871,17372,2610,11885,0,949,977,951,Jalapa,AFSLN
224,MACUELIZO,ALCALDE Y VICEALCALDE,2765,2653,396,1931,0,15,152,159,Macuelizo,AFSLN
225,MOZONEE,ALCALDE Y VICEALCALDE,3546,3420,750,2260,0,136,133,141,Mozonte,AFSLN
226,MURRA,ALCALDE Y VICEALCALDE,5581,5340,780,3158,0,947,234,221,Murra,AFSLN
227,OCOTAL,ALCALDE Y VICEALCALDE,13004,12384,1509,8989,0,624,624,638,Ocotal,AFSLN
228,QUILALI,ALCALDE Y VICEALCALDE,9179,8971,1632,5840,0,511,505,483,Quilalí,AFSLN
229,SAN FERNANDO,ALCALDE Y VICEALCALDE,4379,4198,608,3061,0,169,185,175,San Fernando,AFSLN
230,SANTA MARIA,ALCALDE Y VICEALCALDE,1956,1905,177,1626,0,0,102,0,Santa María,AFSLN
231,WIWILI-NUEVA SEGOVIA,ALCALDE Y VICEALCALDE,5860,5776,915,3952,0,288,294,327,Wiwilí de Nueva Segovia,AFSLN
232,CIUDAD ANTIGUA,CONCEJALES MUNICIPALES,3388,3235,1101,1976,0,62,55,41,Ciudad Antigua,AFSLN
233,DIPILTO,CONCEJALES MUNICIPALES,1895,1757,110,1545,0,67,0,35,Dipilto,AFSLN
234,EL JICARO,CONCEJALES MUNICIPALES,8725,8574,784,6976,0,313,287,214,Jícaro,AFSLN
235,JALAPA,CONCEJALES MUNICIPALES,17871,17372,1828,13668,0,718,687,471,Jalapa,AFSLN
236,MACUELIZO,CONCEJALES MUNICIPALES,2765,2653,286,2165,0,24,104,74,Macuelizo,AFSLN
237,MOZONTE,CONCEJALES MUNICIPALES,3546,3420,549,2610,0,101,93,67,Mozonte,AFSLN
238,MURRA,CONCEJALES MUNICIPALES,5581,5340,576,3694,0,795,165,110,Murra,AFSLN
239,OCOIAL,CONCEJALES MUNICIPALES,13004,12384,1082,10064,0,475,437,326,Ocotal,AFSLN
240,QUILALI,CONCEJALES MUNICIPALES,9179,8971,1160,6832,0,384,353,242,Quilalí,AFSLN
241,SAN FERNANDO,CONCEJALES MUNICIPALES,4379,4198,446,3407,0,125,131,89,San Fernando,AFSLN
242,SANTA MARIA,CONCEJALES MUNICIPALES,1956,1905,129,1705,0,0,71,0,Santa María,AFSLN
243,WIWILLNUEVA SEGOVIA,CONCEJALES MUNICIPALES,5860,5777,648,4557,0,217,203,152,Wiwilí de Nueva Segovia,AFSLN
244,BONANZA,ALCALDE Y VICEALCALDE,16258,15832,1317,13383,112,0,498,522,Bonanza,AFSLN
245,MULUKUKU,ALCALDE Y VICEALCALDE,11117,10858,3333,5967,23,500,522,513,Mulukukú,AFSLN
246,PRINZAPOLKA,ALCALDE Y VICEALCALDE,7529,7223,1087,3557,2515,15,18,31,Prinzapolka,AFSLN
247,PUERTO CABEZAS,ALCALDE Y VICEALCALDE,27784,26607,394,15289,10724,65,47,88,Puerto Cabezas,AFSLN
248,ROSITA,ALCALDE Y VICEALCALDE,15195,14680,2957,9313,140,745,761,764,Rosita,AFSLN
249,S1UNA,ALCALDE Y VICEALCALDE,25023,23977,3886,16594,66,1151,1138,1142,Siuna,AFSLN
250,WASPAN,ALCALDE Y VICEALCALDE,13878,13398,276,6579,6455,37,34,17,Waspam,AFSLN
251,BONANZA,CONCEJALES MUNICIPALES,16262,15767,1044,13953,144,0,354,272,Bonanza,AFSLN
252,MULUKUKU,CONCEJALES MUNICIPALES,11116,10857,2438,7402,24,382,361,250,Mulukukú,AFSLN
253,PRINZAPOLKA,CONCEJALES MUNICIPALES,7427,7074,1037,3483,2502,10,15,27,Prinzapolka,AFSLN
254,PUERTO CABEZAS,CONCEJALES MUNICIPALES,27746,26526,398,15236,10699,64,43,86,Puerto Cabezas,AFSLN
255,ROSITA,CONCEJALES MUNICIPALES,15195,14680,2126,10937,140,563,532,382,Rosita,AFSLN
256,SI UNA,CONCEJALES MUNICIPALES,24934,23834,2871,18633,64,880,808,578,Siuna,AFSLN
257,WASPAN,CONCEJALES MUNICIPALES,13778,13310,263,6509,6458,32,34,14,Waspam,AFSLN
258,BLUEFIELDS,ALCALDE Y VICEALCALDE,19176,18377,3492,11849,171,1016,917,932,Bluefields,AFSLN
259,BOCANA DE PAIWAS,ALCALDE Y VICEALCALDE,8409,8014,3795,4069,0,0,150,0,Paiwas,AFSLN
260,CORN ISLAND,ALCALDE Y VICEALCALDE,2829,2771,255,2039,262,0,100,115,Corn Island,AFSLN
261,ELTORTUGUERO,ALCALDE Y VICEALCALDE,9127,8812,3606,4187,0,358,309,352,El Tortuguero,AFSLN
262,KUKRA IIILL,ALCALDE Y VICEALCALDE,7101,6968,476,5845,8,215,206,218,Kukrahill,AFSLN
263,LA CRUZ DE RIO GRANDE,ALCALDE Y VICEALCALDE,6353,5999,2617,3071,9,93,85,124,La Cruz de Río Grande,AFSLN
264,"LA DESEMBOCADURA DE 
RIO GRANDE",ALCALDE Y VICEALCALDE,2480,2401,5,1461,931,3,1,0,Desembocadura de Río Grande,AFSLN
265,LAGUNA DE PERLAS,ALCALDE Y VICEALCALDE,3991,3819,471,2626,382,115,102,123,Laguna de Perlas,AFSLN
266,BLUEFIELDS,CONCEJALES MUNICIPALES,19186,18378,2578,13674,169,804,636,517,Bluefields,AFSLN
267,BOCANA DE PAIWAS,CONCEJALES MUNICIPALES,8309,7837,3498,4224,0,0,115,0,Paiwas,AFSLN
268,CORN ISLAND,CONCEJALES MUNICIPALES,2821,2763,187,2186,262,0,71,57,Corn Island,AFSLN
269,ELTORTUGUERO,CONCEJALES MUNICIPALES,9041,8652,2869,5103,0,281,219,180,El Tortuguero,AFSLN
270,KUKRA HILL,CONCEJALES MUNICIPALES,7093,6957,351,6173,7,166,144,116,Kukrahill,AFSLN
271,LA CRUZ DE RIO GRANDE,CONCEJALES MUNICIPALES,6352,5827,2336,3254,29,68,63,77,La Cruz de Río Grande,AFSLN
272,"LA DESEMBOCADURA DE 
RIO GRANDE",CONCEJALES MUNICIPALES,2480,2402,5,1459,934,3,1,0,Desembocadura de Río Grande,AFSLN
273,LAGUNA DE PERLAS,CONCEJALES MUNICIPALES,3982,3751,352,2786,392,90,70,61,Laguna de Perlas,AFSLN
274,EL ALMENDRO,ALCALDE Y VICEALCALDE,4183,4081,347,3262,0,162,151,159,El Almendro,AFSLN
275,EL CASTILLO,ALCALDE Y VICEALCALDE,6730,6563,965,4657,0,332,311,298,El Castillo,AFSLN
276,MORRITO,ALCALDE Y VICEALCALDE,2778,2718,304,2038,0,127,130,119,Morrito,AFSLN
277,SAN CARLOS,ALCALDE Y VICEALCALDE,16001,15649,1745,11613,0,790,750,751,San Carlos,AFSLN
278,SAN JUAN DE NICARAGUA,ALCALDE Y VICEALCALDE,935,903,55,760,0,0,50,38,San Juan de Nicaragua,AFSLN
279,SAN MIGUELITO,ALCALDE Y VICEALCALDE,6191,6136,652,4594,0,308,296,286,San Miguelito,AFSLN
280,EL ALMENDRO,CONCEJALES MUNICIPALES,4183,4081,250,3517,0,126,110,78,El Almendro,AFSLN
281,EL CASTILLO,CONCEJALES MUNICIPALES,6722,6556,691,5249,0,252,217,147,El Castillo,AFSLN
282,MORRITO,CONCEJALES MUNICIPALES,2778,2718,221,2244,0,97,95,61,Morrito,AFSLN
283,SAN CARLOS,CONCEJALES MUNICIPALES,15997,15650,1251,12893,0,599,528,379,San Carlos,AFSLN
284,SAN JUAN DE NICARAGUA,CONCEJALES MUNICIPALES,935,903,40,808,0,0,35,20,San Juan de Nicaragua,AFSLN
285,SAN MIGUELITO,CONCEJALES MUNICIPALES,6191,6136,466,5083,0,234,206,147,San Miguelito,AFSLN
286,ALTAGRACIA,ALCALDE Y VICEALCALDE,8130,7811,766,6300,0,0,370,375,Altagracia,AFSLN
287,BELEN,ALCALDE Y VICEALCALDE,6630,6449,363,5573,0,174,173,166,Belén,AFSLN
288,BUENOS AIRES,ALCALDE Y VICEALCALDE,3365,3229,182,2665,0,239,143,0,Buenos Aires,AFSLN
289,CARDENAS,ALCALDE Y VICEALCALDE,4221,4030,262,3290,0,153,167,158,Cárdenas,AFSLN
290,MOYOGALPA,ALCALDE Y VICEALCALDE,4616,4494,298,3593,0,200,192,211,Moyogalpa,AFSLN
291,POTOSI,ALCALDE Y VICEALCALDE,6592,6349,411,5448,0,262,0,228,Potosí,AFSLN
292,RIVAS,ALCALDE Y VICEALCALDE,19759,18859,1380,15556,0,1078,0,845,Rivas,AFSLN
293,SAN JORGE,ALCALDE Y VICEALCALDE,4570,4353,506,3505,0,174,0,168,San Jorge,AFSLN
294,SAN JUAN DEL SUR,ALCALDE Y VICEALCALDE,8301,7961,574,6824,0,285,278,0,San Juan del Sur,AFSLN
295,TOLA,ALCALDE Y VICEALCALDE,12749,12355,682,10253,0,526,460,434,Tola,AFSLN
296,ALTAGRACIA,CONCEJALES MUNICIPALES,8103,7784,557,6773,0,0,260,194,Altagracia,AFSLN
297,BELEN,CONCEJALES MUNICIPALES,6630,6449,268,5846,0,135,119,81,Belén,AFSLN
298,BUENOS AIRES,CONCEJALES MUNICIPALES,3365,3229,130,2813,0,186,100,0,Buenos Aires,AFSLN
299,CARDENAS,CONCEJALES MUNICIPALES,4221,4030,195,3518,0,116,119,82,Cárdenas,AFSLN
300,MOYOGALPA,CONCEJALES MUNICIPALES,4616,4494,215,3887,0,151,135,106,Moyogalpa,AFSLN
301,POTOSI,CONCEJALES MUNICIPALES,6592,6349,303,5732,0,199,0,115,Potosí,AFSLN
302,RIVAS,CONCEJALES MUNICIPALES,19759,18861,967,16659,0,818,0,417,Rivas,AFSLN
303,SAN JORGE,CONCEJALES MUNICIPALES,4570,4353,350,3782,0,132,0,89,San Jorge,AFSLN
304,SAN JUAN DEL SUR,CONCEJALES MUNICIPALES,8301,7961,426,7120,0,220,195,0,San Juan del Sur,AFSLN
305,TOLA,CONCEJALES MUNICIPALES,12749,12355,492,10911,0,407,324,221,Tola,AFSLN
